<TextureAtlas imagePath="sheet.png">
	<SubTexture name="10_000.png" x="34" y="68" width="32" height="32"/>
	<SubTexture name="11_000.png" x="34" y="102" width="32" height="32"/>
	<SubTexture name="12_000.png" x="34" y="136" width="32" height="32"/>
	<SubTexture name="13_000.png" x="34" y="170" width="32" height="32"/>
	<SubTexture name="14_000.png" x="34" y="204" width="32" height="32"/>
	<SubTexture name="15_000.png" x="68" y="0" width="32" height="32"/>
	<SubTexture name="16_000.png" x="68" y="34" width="32" height="32"/>
	<SubTexture name="17_000.png" x="68" y="68" width="32" height="32"/>
	<SubTexture name="18_000.png" x="68" y="170" width="32" height="32"/>
	<SubTexture name="18_001.png" x="68" y="136" width="32" height="32"/>
	<SubTexture name="18_002.png" x="68" y="102" width="32" height="32"/>
	<SubTexture name="18_003.png" x="68" y="136" width="32" height="32"/>
	<SubTexture name="19_000.png" x="68" y="204" width="32" height="32"/>
	<SubTexture name="1_000.png" x="0" y="0" width="32" height="32"/>
	<SubTexture name="20_000.png" x="102" y="0" width="32" height="32"/>
	<SubTexture name="21_000.png" x="102" y="34" width="32" height="32"/>
	<SubTexture name="22_000.png" x="102" y="68" width="32" height="32"/>
	<SubTexture name="23_000.png" x="204" y="204" width="32" height="32"/>
	<SubTexture name="24_000.png" x="102" y="136" width="32" height="32"/>
	<SubTexture name="25_000.png" x="102" y="170" width="32" height="32"/>
	<SubTexture name="26_000.png" x="102" y="204" width="32" height="32"/>
	<SubTexture name="27_000.png" x="136" y="0" width="32" height="32"/>
	<SubTexture name="28_000.png" x="136" y="34" width="32" height="32"/>
	<SubTexture name="29_000.png" x="136" y="68" width="32" height="32"/>
	<SubTexture name="2_000.png" x="0" y="34" width="32" height="32"/>
	<SubTexture name="30_000.png" x="136" y="102" width="32" height="32"/>
	<SubTexture name="31_000.png" x="136" y="136" width="32" height="32"/>
	<SubTexture name="32_000.png" x="136" y="170" width="32" height="32"/>
	<SubTexture name="33_000.png" x="136" y="204" width="32" height="32"/>
	<SubTexture name="34_000.png" x="170" y="0" width="32" height="32"/>
	<SubTexture name="35_000.png" x="170" y="34" width="32" height="32"/>
	<SubTexture name="36_000.png" x="170" y="68" width="32" height="32"/>
	<SubTexture name="37_000.png" x="170" y="102" width="32" height="32"/>
	<SubTexture name="38_000.png" x="170" y="136" width="32" height="32"/>
	<SubTexture name="39_000.png" x="170" y="170" width="32" height="32"/>
	<SubTexture name="3_000.png" x="0" y="68" width="32" height="32"/>
	<SubTexture name="40_000.png" x="170" y="204" width="32" height="32"/>
	<SubTexture name="41_000.png" x="204" y="0" width="32" height="32"/>
	<SubTexture name="42_000.png" x="204" y="34" width="32" height="32"/>
	<SubTexture name="43_000.png" x="204" y="68" width="32" height="32"/>
	<SubTexture name="44_000.png" x="204" y="170" width="32" height="32"/>
	<SubTexture name="44_001.png" x="204" y="136" width="32" height="32"/>
	<SubTexture name="44_002.png" x="204" y="102" width="32" height="32"/>
	<SubTexture name="44_003.png" x="204" y="136" width="32" height="32"/>
	<SubTexture name="45_000.png" x="102" y="102" width="32" height="32"/>
	<SubTexture name="4_000.png" x="0" y="102" width="32" height="32"/>
	<SubTexture name="5_000.png" x="0" y="136" width="32" height="32"/>
	<SubTexture name="6_000.png" x="0" y="170" width="32" height="32"/>
	<SubTexture name="7_000.png" x="0" y="204" width="32" height="32"/>
	<SubTexture name="8_000.png" x="34" y="0" width="32" height="32"/>
	<SubTexture name="9_000.png" x="34" y="34" width="32" height="32"/>
	<SubTexture name="dead_000.png" x="102" y="102" width="32" height="32"/>
</TextureAtlas>